id,userId,fullName,version,insuranceName
1,461tl,Radcliffe Sarah,1,company1
1007,461tl,Radcliffe Sarah,2,company1
2,902ii,Cyndie Goodswen,4,company3
1008,902ii,Cyndie Goodswen,2,company3
3,305wb,Gavin Jellybrand,2,company2
1009,305wb,Gavin Jellybrand,3,company2
4,799rd,Lindsay Ivanilov,3,company3
5,461py,Hanni Trew,3,company2
6,802tz,Rubin Buckmaster,1,company3
7,289sh,Eugenio Dowber,2,company2
8,604yb,Dale Karlicek,2,company2
9,295rg,Berny Blaw,4,company2
10,419rz,Fredia Mitkcov,1,company2
11,075ax,Bartholomeus aManger,4,company1
1010,075ax,Bartholomeus aManger,2,company1
12,683fp,Linus MacGorman,3,company1
13,817be,Magdalena Rozanski,4,company3
14,113uh,Wallace Hartmann,2,company2
15,660mj,Kevan Ast,3,company2
16,685ez,Jeremie Leport,1,company2
17,805he,Corinna Armfirld,4,company2
18,260ri,Tony Yven,3,company3
19,585fo,Norry Tayt,2,company1
20,729cw,Abdel Lagadu,4,company1
21,139or,Shelba Pisculli,1,company2
22,347uo,Batsheva MacKettrick,4,company1
23,165tf,Teodorico Shackle,3,company1
24,089dz,Ibbie Gosdin,2,company3
25,849nr,Corney Bettison,1,company1
26,503tc,Kathi Dane,2,company1
27,515ln,Elizabeth Goodfellow,1,company3
28,415fo,Mollie Russell,1,company2
29,068dx,Luce Simenon,3,company1
30,007de,Pearl Haukey,2,company3
31,817ev,Theodosia Mc Curlye,1,company2
32,850oz,Emelen Tort,4,company1
33,238es,Star Deveraux,3,company3
34,127uv,Kaja Conyer,3,company3
35,720sh,Karolina Glaze,3,company2
36,362ml,Meredith Woollhead,2,company3
37,155eu,Kilian Whitelock,4,company1
38,525bd,Ravi Dallender,1,company3
39,852hp,Beitris Welbelove,4,company3
40,537gu,Lyle Michelle,4,company1
41,712kj,Bernadine Webbe,3,company3
42,180vf,Olga Perfitt,2,company3
43,846uu,Meredith Allworthy,4,company2
44,794ny,Bernardine Crosio,2,company2
45,438pn,Aldo Loughton,3,company1
46,543ch,Krisha Wasling,4,company2
47,925nj,Gus Borges,2,company3
48,773ed,Perl Iashvili,2,company1
49,921de,Isaiah Lambrecht,1,company2
50,490gs,Tybi Chaize,1,company3
51,599nj,Jack Danielut,3,company2
52,793pe,Terrell Rupke,3,company3
53,905zl,Joachim Berthouloume,2,company2
54,682pp,Galen Corah,1,company2
55,472ee,Cathy Sisse,2,company2
56,195uk,Sunshine Garland,2,company2
57,164me,Link Thomtson,2,company1
58,869oc,Cristian Campe,4,company1
59,848ag,Gun Garforth,2,company2
60,121ki,Waiter Cello,2,company2
61,024ur,Hugo Phythian,3,company1
62,034ld,Charla McCard,1,company2
63,413rd,Care Paur,4,company3
64,473qs,Zared Burness,4,company3
65,340hi,Brock Heck,2,company1
66,385zk,Trescha Halfhide,1,company2
67,218ky,Alejandro Blevin,1,company3
68,254ug,Erick Bream,3,company2
69,492af,Niven Coleshill,2,company2
70,626pr,Isaak Rudgley,1,company2
71,438vi,Hayward Norris,4,company1
72,680xk,Bell Asbrey,3,company1
73,747xf,Herculie Sagar,4,company3
74,114jg,Waite Danilchik,1,company2
75,844cp,Arnuad D'Alwis,2,company3
76,849wj,Lexy Donnel,2,company2
77,061wa,Josiah Kurten,1,company2
78,587ap,Sullivan Kemble,3,company2
79,179wa,Whit Samuel,4,company3
80,584va,Blinni Dix,3,company1
81,530xl,Kevan Meddings,3,company1
82,624tr,Jaclin Cust,2,company2
83,293hy,Cynthia Russ,1,company2
84,641aa,Dewie Simonian,2,company1
85,783pv,Cully Densun,1,company1
86,872tq,Federico Chrippes,2,company2
87,431ns,Spense Splevings,3,company1
88,705lh,Addy Nano,4,company2
89,390mi,Rosemarie Rennard,3,company2
90,329an,Bentley Kingswood,4,company2
91,193yo,Philomena Mellows,1,company1
92,192we,Rutger Franzoli,2,company2
93,463xq,Base Lynthal,2,company2
94,613jd,Faustina Jenno,4,company3
95,460nd,Julio Garvagh,4,company1
96,063at,Darb Beddingham,4,company1
97,646xf,Windham Tissell,2,company1
98,556fb,Morganne Bubbear,3,company1
99,818ve,Reider Mitchener,4,company2
100,791vp,Delaney Motion,3,company3
101,026ye,Danit Loveridge,2,company2
102,350wy,Paddie Fantonetti,4,company3
103,852ka,Judd Sheere,4,company1
104,993ua,Piotr Pottage,2,company3
105,297gm,Nani McCoole,1,company1
106,166va,Westleigh Pirot,1,company2
107,874cg,Angel Syphus,2,company1
108,771jv,Clarence Atcheson,4,company3
109,377nz,Kayne Chisolm,3,company1
110,358eh,Missy Fenck,3,company2
111,502xq,Norma Leel,1,company1
112,988jp,Perren McTrustey,2,company2
113,330jv,Quinn Krolik,4,company1
114,804vz,Marijo Fincher,2,company2
115,709ap,Maureene Lapides,2,company1
116,909ma,Aluino Ehlerding,2,company2
117,053ds,Abramo Sears,1,company2
118,949of,Moselle MacGahey,3,company2
119,199mu,Quillan Foxten,3,company3
120,091eq,Ulric Nornable,3,company1
121,197wg,Ron Donnel,4,company1
122,903fa,Merline Salvadori,3,company3
123,426ku,Savina Schubbert,4,company1
124,657vf,Ganny Fairebrother,2,company1
125,802is,Minetta Piccard,2,company1
126,841zb,Brockie Duckwith,2,company2
127,648tk,Celisse Stredwick,1,company3
128,338my,Nevins Gerge,1,company3
129,443ue,Felisha Tutchell,3,company1
130,440fs,Zora Zanussii,4,company3
131,716ng,Quinton Collinge,2,company2
132,422id,Shaun Jeffcock,1,company3
133,889wp,Christie Prover,3,company1
134,951ur,Caroljean Prenty,3,company3
135,114vk,Emlynne O'Cahsedy,1,company2
136,800bx,Kristy Tuddall,3,company3
137,302zl,Mady Soans,1,company2
138,633jh,Chandler Spensly,4,company3
139,550sf,Tedda Oager,2,company1
140,659kb,Laure Abrahamsohn,3,company2
141,985wq,Alvinia Rush,2,company1
142,118uz,Margy Brandom,1,company3
143,368rv,Rich Skeen,3,company2
144,397uv,Roxane Benini,3,company3
145,804rc,Horatio Stannett,3,company1
146,470sv,Erin Fretter,2,company1
147,746mj,Hieronymus Flather,2,company1
148,580uy,Jareb Huxton,2,company1
149,464kc,Caprice Simionato,4,company1
150,780yw,Nelle Kirmond,3,company3
151,440xq,Prudy Castella,2,company1
152,261te,Berte Iozefovich,4,company1
153,945lz,Cornall Teffrey,2,company2
154,821de,Letisha Jenicek,2,company1
155,165ti,Dani Hearsum,3,company3
156,029wp,Gracie Beefon,1,company1
157,695ut,Cecelia Brane,4,company3
158,750dp,Karrah Attlee,4,company2
159,568mz,Marissa Tilbury,2,company3
160,312ny,Dorrie Shama,3,company3
161,691hd,Tallou Duxbury,3,company1
162,580zz,Shela Narramor,4,company1
163,705ct,Conney Castillou,2,company3
164,493mn,Ericka Dauber,3,company1
165,702gr,Jonas Sinkin,4,company3
166,944mm,Shandie Butts,4,company1
167,525bg,Mirelle Tax,3,company2
168,689zo,Zachariah Lavies,3,company1
169,506lw,Richard Skillings,1,company1
170,482al,Gabi Tretter,3,company3
171,051mg,Rozalie Janecek,2,company3
172,983xt,Bryanty Bartolomeotti,2,company1
173,599bh,Chrisse Mandal,4,company2
174,267mc,Tobie Nucci,3,company3
175,077co,Yancey Kubicki,4,company3
176,937pk,Rozalie Smooth,2,company1
177,830tf,Thorny Welland,2,company1
178,647if,Cary Slevin,1,company2
179,613ep,Camala Bulfield,3,company3
180,556dm,Maximilian Tottle,4,company2
181,630cm,Tine Simeoli,4,company2
182,477do,Aymer O'Flaherty,4,company1
183,604bu,Royall Siddele,3,company2
184,015pa,Cob Lipson,2,company1
185,299mc,Percy Fossick,2,company2
186,460br,Illa Selburn,4,company2
187,988nq,Gorden Selbie,1,company3
188,168tp,Glynis Conti,3,company1
189,462zl,Willette Sate,2,company2
190,039lj,Evelyn Harborow,2,company1
191,554lb,Astra Okroy,3,company1
192,108lb,Bradly Abbatucci,2,company1
193,230zo,Ibrahim Wykey,4,company2
194,358lm,Ritchie Nield,1,company3
195,414rj,Marjie Cottage,1,company2
196,620oi,Ulrike Mouse,1,company1
197,639pw,Vail Tooby,4,company1
198,682wl,Ricard Duddell,2,company3
199,058il,Jeremiah Asken,1,company1
200,307dg,Hyman Thirkettle,3,company2
201,566py,Lorraine Toyer,4,company2
202,460cs,Cloris Tuma,4,company2
203,651ke,Larisa Adnet,2,company3
204,740yf,Krishnah Josefsen,1,company3
205,856fr,Leena Dennington,2,company1
206,829sz,Sutherlan McTeer,3,company3
207,246uh,Benedetta Davydochkin,4,company3
208,070yn,Issie Liquorish,2,company2
209,607eq,Denny Embling,4,company3
210,756lx,Moll Murch,4,company3
211,658zf,Imogen Gerrietz,2,company2
212,137mg,Carina Kardos-Stowe,3,company3
213,551pv,Ryun Dominik,3,company2
214,417lo,Saraann Mooring,1,company1
215,128sg,Weston McNae,3,company2
216,361fi,Darnall Desport,4,company3
217,866yn,Dimitry Wike,1,company3
218,396bl,Willamina Orta,4,company3
219,967hf,Malcolm Carlino,1,company3
220,202oz,Orazio McNuff,3,company3
221,566ii,Norman Pritchett,4,company3
222,127rp,Judon Caughte,3,company2
223,169xc,Em Harg,1,company3
224,849lb,Brewer Manneville,4,company2
225,065la,Kale Ribou,4,company1
226,283gi,Randolph Smidmor,3,company2
227,941il,Lisbeth Georgeau,2,company3
228,165gw,Caryl Chadband,4,company2
229,925mz,Monro Brunke,4,company1
230,513vt,Randie Newbold,1,company1
231,980ga,Papageno Leys,1,company1
232,835dt,Amalee Hollow,4,company2
233,841lu,Lorri Durnin,2,company3
234,276xl,Roldan Philipsohn,1,company2
235,399zn,Micky Dossantos,4,company3
236,659ax,Yul Geggus,3,company3
237,535er,Perri Arnout,3,company1
238,099gs,Fleming Prendeville,4,company2
239,316je,Raine Coslitt,1,company2
240,193jt,Ginny Byllam,3,company3
241,562uy,Jolynn Sertin,2,company2
242,564kc,Madlin Friese,4,company1
243,689pm,Prince Detloff,4,company3
244,215la,Jehu Robbie,3,company2
245,381qw,Milton Hyndson,2,company1
246,637sx,Dorthea Goodlud,1,company1
247,647ph,Kean Mathias,3,company1
248,442if,Corty Wilcher,2,company2
249,166eu,Bekki McGray,4,company3
250,823tl,Maryjane Schoular,3,company3
251,168lt,Tarra Muttock,2,company3
252,499ix,Mart Oldis,3,company1
253,572fd,Gerda Punter,1,company2
254,809ca,Clarice Baldazzi,3,company1
255,096ue,Stanton Laybourn,3,company3
256,166co,Bobbee Hessing,2,company2
257,456hz,Anastasie Jerrans,4,company2
258,008pb,Norton Toope,3,company3
259,564bd,Savina Boarer,1,company2
260,830yu,Christel Shemilt,1,company3
261,988lt,Melisande Vatini,3,company1
262,641yu,Danny O'Kuddyhy,1,company1
263,104fh,Timmy Crompton,2,company1
264,343gv,Kriste Walkinshaw,1,company2
265,739ez,Gawain M'Quharge,3,company1
266,467re,Stefanie Salvatore,4,company2
267,491ph,Lawrence Corkhill,2,company1
268,709ih,Madelin Trendle,2,company3
269,066xe,Chad Sollime,3,company1
270,680vj,Jermaine Tomkys,2,company1
271,931ek,Theodoric Vannozzii,4,company3
272,580og,Zsazsa Click,3,company3
273,191uh,Julie Cicchillo,4,company2
274,140um,Vinnie Bevis,1,company2
275,576xc,Arlen Kidson,1,company3
276,504my,Pernell Forsythe,3,company1
277,405vt,Orsola Seton,1,company3
278,156xn,Nelly Britee,3,company1
279,607uw,Brockie Coneley,4,company2
280,012ff,Alejandrina Darko,2,company2
281,543wv,Jesse Impleton,4,company3
282,790wg,Nedi Pridie,4,company1
283,226ze,Devland Gerlack,4,company1
284,936hk,Hi Bettinson,1,company3
285,006ny,Kearney Azam,3,company3
286,773bi,Mariejeanne Durrett,2,company3
287,475jc,Dal O' Timony,4,company1
288,799gv,Carilyn Barhims,1,company2
289,211vy,Cristy Penswick,2,company3
290,702lf,Allyce Earp,4,company1
291,502to,Darnall Pigney,3,company2
292,769gj,Ainsley MacVagh,3,company1
293,850jl,Quentin Lamort,2,company3
294,895he,Bonny Deniskevich,1,company3
295,882rt,Charlot Tasker,4,company1
296,893go,Kippy Leathwood,4,company3
297,550hw,Klarika Sarjent,4,company2
298,839ra,Mignon Dineges,1,company2
299,674vu,Letty Mould,4,company3
300,300du,Marrilee Whillock,3,company1
301,790tf,Thea Frarey,2,company3
302,413wf,Mikaela Ball,3,company1
303,014nj,Ely Kiwitz,2,company2
304,360kt,Pepita Ewles,3,company1
305,430qe,Jarrod Grendon,1,company1
306,886ya,Hyacintha Moses,1,company3
307,335ja,Cointon Tiptaft,1,company3
308,668dy,Mireille Hayth,4,company1
309,381jy,Olag Martine,1,company2
310,197wq,Trixy Marchment,4,company3
311,151cv,Frank Cristofaro,2,company2
312,909zk,Kliment Pearle,4,company2
313,582cr,Laverna Malenoir,2,company3
314,240dv,Royal Kelberer,2,company1
315,270yt,Christine Rotherham,4,company3
316,895fj,Sheri Sloley,1,company2
317,488pt,Martha Houldin,1,company2
318,189xj,Nannette Farlham,1,company2
319,165vh,Gerome Ivashin,4,company2
320,725jm,Dorris Skippings,3,company3
321,559mc,Natassia Flatte,2,company2
322,081ge,Giulia Shields,3,company1
323,326dp,Karrie Leele,1,company2
324,951ca,Collen Gherardelli,2,company2
325,900ln,Gerald Cloney,3,company1
326,155rf,Ambrosio Gravenor,2,company2
327,689fn,Glenn Beinisch,3,company3
328,874uk,Pia Sieur,3,company3
329,541hn,Genny Boom,1,company2
330,431gx,Chrysa Masic,2,company2
331,391mg,Aurore Rowan,2,company2
332,921tf,Keary Willson,3,company3
333,913ww,Austin Gusticke,3,company1
334,804jn,Correy Brombell,2,company1
335,910wa,Fergus Minett,2,company3
336,429ml,Cassius McElane,2,company1
337,521eq,Hermine Matisoff,2,company1
338,694bm,Chane Palfrey,3,company3
339,230uj,George Anersen,1,company2
340,005mi,Angelia Tavner,3,company3
341,265nz,Shurwood Procter,4,company1
342,628gm,Benetta Leddie,3,company2
343,252at,Sollie Walsom,4,company2
344,030xd,Floria Fealey,3,company3
345,227yc,Veronika Buckie,1,company3
346,409wo,Yvon Benazet,3,company2
347,388mq,Morie Gogay,2,company1
348,093ev,Mariana Willes,4,company1
349,561dr,Cecil Johns,3,company1
350,624as,Eustace Mallalieu,2,company2
351,600ds,Alfreda Bacon,2,company3
352,770lj,Augustina Lideard,2,company2
353,386hb,Valma Aishford,4,company2
354,642ie,Maddie Shmyr,1,company3
355,000yx,Granny Sauven,2,company1
356,009zb,Brittan Odney,4,company3
357,388ie,Markos Dehm,4,company1
358,456li,Carlen Ordidge,1,company2
359,313je,Adams Haggie,3,company2
360,813vf,Anatol Kent,1,company2
361,702yq,Aluin Cattach,1,company1
362,263vd,Drusilla Heaker,4,company2
363,548zi,Ailis Aprahamian,2,company2
364,844fp,Clayborn Matejic,4,company2
365,289dh,Sandro Iacomelli,3,company1
366,251tl,Hiram Foxworthy,3,company3
367,199he,Paolina Ealam,1,company1
368,044jp,Chery Bretton,3,company1
369,048tf,Cyrus Hryncewicz,4,company2
370,911ds,Pietrek Cantopher,2,company1
371,878vk,Ardella Coppeard,4,company1
372,615yd,Anderea Hiers,4,company1
373,727lo,Bevan Rosenshine,2,company1
374,263zg,Brandon Sitwell,3,company1
375,646of,Elspeth Feron,4,company2
376,920pe,Eldon Tocque,2,company3
377,816uk,Padriac Sexstone,1,company1
378,269tc,Yolande Odney,2,company2
379,160lt,Staffard Bowness,3,company1
380,630li,Dorie Boyen,1,company1
381,339nk,Ber Pottie,1,company2
382,500oy,Nanette Scrivens,3,company3
383,364vi,Horatio O'Currane,1,company1
384,639ys,Bobbe Hatherleigh,4,company2
385,138lj,Connor Scrimshire,3,company2
386,376uo,Job Mintram,4,company2
387,111la,Berna Asquith,1,company3
388,911sr,Barbara-anne Ciccottio,4,company1
389,131tg,Rickert Langmead,3,company1
390,928iy,Randene Kille,3,company1
391,429po,Stinky Synder,1,company3
392,595zd,Dolorita Dur,4,company3
393,711ja,Celesta Tregust,4,company1
394,004ne,Ferrell Scarratt,1,company3
395,911cd,Kaia Tincey,4,company2
396,841be,Raynell Sherborn,2,company1
397,654bf,Martyn Nell,1,company2
398,353wn,Isabella Burd,3,company3
399,580fa,Tobit O'Kerin,3,company2
400,296dw,Debi Kubacek,1,company1
401,368xd,Terry Overil,1,company1
402,799dm,Rachel Vinson,1,company3
403,450cc,Toddie Juris,2,company3
404,810yp,Stephannie Rosas,3,company2
405,854nj,My Volks,2,company2
406,115rl,Garrott Andress,2,company2
407,357fw,Mick Roskrug,3,company2
408,824jx,Zorana Seed,1,company3
409,171ps,Millisent Manderson,4,company3
410,618yo,Sashenka Clemanceau,2,company3
411,935mm,Jarvis Bearsmore,4,company2
412,251wi,Analiese Gherarducci,2,company3
413,069kc,Hally Jack,2,company2
414,917aj,Odo Chartre,2,company3
415,274zs,Marina Latchmore,2,company1
416,113gr,Una Lettuce,4,company3
417,829ct,Rustin O'Day,3,company3
418,184xx,Warren Buggy,4,company1
419,039jf,Leo Wermerling,1,company3
420,688or,Filia Affleck,4,company3
421,231yo,Arden O'Cahsedy,1,company2
422,884ff,Dee Lude,1,company3
423,358wo,Winnifred Cappleman,1,company3
424,472zd,Ninnetta Blackall,4,company1
425,970pc,Brnaby Cordner,1,company1
426,594qa,Winnah Broadley,3,company2
427,009lf,Homere Koomar,4,company1
428,944vt,Ram Melmore,1,company2
429,573ki,Bond McComas,2,company3
430,047ew,Fax Smardon,3,company1
431,581tl,Jenica Pittendreigh,2,company2
432,381hm,Robers Riley,4,company3
433,105gp,Sharron Burgoine,2,company1
434,737fw,Alysia Scally,2,company1
435,991yy,Bella Lawrenson,3,company3
436,569ay,Dukie Elsmore,2,company2
437,194ja,Carma Coots,2,company2
438,466ua,Sada Lamba,3,company1
439,141rb,Corliss Orwin,2,company1
440,912ev,Fraze Wedge,1,company3
441,221wf,Hillary O'Hogertie,2,company2
442,554kv,Karyl Oseland,2,company3
443,575mi,Lorinda Brahan,1,company2
444,648aj,Jamison Gilley,3,company2
445,783ck,Kayley Corris,2,company1
446,931hg,Oona Jeckell,3,company3
447,033dw,Teena Berlin,3,company2
448,851wm,Adelaide Potts,3,company1
449,297ku,Golda Lesser,1,company3
450,631dm,Margie Schimpke,1,company1
451,510ad,Ira Lavers,4,company3
452,594qi,Gaylord Juggins,1,company3
453,596ug,Dulsea Heritege,2,company1
454,032nd,Deborah Andreopolos,3,company3
455,564ou,Kerri Parradine,1,company1
456,576pm,Claybourne Bulfield,3,company3
457,599ym,Rossie Farmloe,1,company1
458,690pm,Gabby Le-Good,2,company3
459,879vz,Eloisa Teese,2,company3
460,571sc,Adey Thyer,2,company3
461,859xv,Mariellen Dahmel,4,company1
462,941jh,Shell Fruen,3,company2
463,227nc,Arluene Simonato,3,company3
464,063ep,Griffin Crosson,3,company1
465,447hr,Rozele St. Hill,3,company1
466,960yf,Cyrille Stranahan,2,company2
467,972pr,Delphinia Carvill,2,company2
468,310mg,Essy Wishart,3,company2
469,762iz,Warren Deathridge,2,company1
470,343aa,Rance Hearsey,4,company3
471,046fi,Juan Tolcher,2,company2
472,990yc,Gran Mostyn,3,company2
473,083mh,Joya Marshfield,3,company3
474,713or,Ben Zanetto,4,company3
475,402bm,Fredericka Eastop,2,company2
476,765rx,Nadeen Le Brun,1,company2
477,021ka,Marlie Dibbin,2,company3
478,878up,Stella Itschakov,4,company3
479,404yh,Tedd Pottiphar,4,company1
480,416mq,Emlen Jugging,1,company2
481,024dz,Cybill Lelande,1,company1
482,683bh,Gustaf Sapsforde,1,company2
483,007yy,Carmelita Hakeworth,3,company1
484,789sp,Georges Casajuana,2,company1
485,729bw,Shandy Birkin,3,company3
486,757nt,Ahmad Bettaney,4,company1
487,260vp,Dolli Sharpley,2,company3
488,544xz,Ingram Hablet,4,company3
489,503rt,Merrie Older,3,company1
490,041ew,Creigh Coaster,1,company1
491,469zh,Cristi Scotchbrook,2,company2
492,247yb,Noni Langston,2,company1
493,662dp,Bartram Starcks,3,company2
494,131au,Crichton Justis,1,company3
495,853zt,Inesita McClaughlin,2,company1
496,056zp,Karia Thurby,3,company1
497,315hq,Stacee Birth,1,company2
498,021lu,Filmer Cumberland,4,company2
499,480bb,Llywellyn Batterbee,4,company2
500,729qf,Hope Goldine,4,company3
501,741eh,Shep Nardi,1,company3
502,317pm,Cacilie Ovesen,3,company2
503,385qm,Sebastian Haslock(e),4,company3
504,755nv,Ailbert Antoniutti,2,company2
505,799th,Ivory Hemms,3,company3
506,432vb,Katharyn Fulger,4,company2
507,386qp,Madelon Flanaghan,1,company2
508,673wd,Heida Hugenin,4,company1
509,004aw,Elmo Ernshaw,2,company3
510,915mv,Jacklin Searsby,2,company3
511,975fh,Nehemiah Woodward,1,company2
512,942zp,Sadie Nore,2,company1
513,756ez,Hermione Craydon,3,company1
514,669ni,Cindee Doumer,2,company3
515,165tb,Spike Prinnett,2,company3
516,122ed,Theo Christol,2,company3
517,065st,Doug Ransfield,3,company3
518,668uk,Gardner Boas,1,company3
519,632rd,Lucian Alsopp,3,company1
520,689ld,Faunie MacLoughlin,2,company1
521,932pz,Ruby Wensley,2,company1
522,864tz,Erhard Domonkos,2,company3
523,703tc,Hogan Pyzer,4,company2
524,446wy,Ameline Hagan,3,company2
525,148qi,Orville Ricoald,2,company3
526,924es,Esther Dahmke,2,company3
527,514ao,Cinnamon Paddle,3,company3
528,512ct,Cece Gillingwater,4,company3
529,791iu,Ellerey Leyton,1,company1
530,067rm,Ethelbert Bragger,3,company3
531,315ws,Helenelizabeth Jarnell,2,company3
532,561lw,Jacqui Coates,1,company3
533,686ne,Romain Aberkirdo,4,company2
534,152je,Ogdan Lensch,1,company2
535,388xb,Thorvald Stower,2,company1
536,384mz,Zola Ruddin,1,company3
537,182gg,Nobie Karp,1,company1
538,516wl,Reina Coram,3,company3
539,838js,Artur Vain,3,company2
540,658rv,Constantine Murrish,2,company2
541,096gw,Craig Mudd,4,company3
542,680ja,Brietta Dumbreck,4,company1
543,669cr,Annie Domesday,1,company3
544,713vb,Mata Petrelli,2,company3
545,382ga,Mata Klarzynski,2,company2
546,130yg,Farr Edinboro,3,company2
547,804gb,Karola Woodlands,4,company2
548,280xk,Ted Duxfield,3,company2
549,971vi,Mellisa Grzeszczak,3,company2
550,867if,Modestia Hadwick,3,company3
551,455sw,Filmer Brodie,2,company1
552,507pn,Renelle Iddison,3,company1
553,613bp,Ruthann Lefley,2,company1
554,474sf,Lita Whieldon,3,company3
555,021am,Car Snoden,2,company3
556,215bl,Simonette Agus,3,company1
557,544he,Ilene Cranshaw,1,company1
558,483hk,Lindi Phillipp,2,company1
559,334uf,Gal Izakson,3,company2
560,170tg,Tracy Sheircliffe,2,company1
561,156ej,Rudd Shapero,4,company2
562,546kg,Rodi D'Hooghe,3,company1
563,877lg,Tabb Twatt,1,company1
564,924in,Mildred Nucci,4,company1
565,658uv,Elianore Moulin,4,company3
566,469wn,Olwen Draxford,2,company2
567,756od,Yovonnda Wyness,4,company3
568,525yo,Emelyne Bartol,3,company3
569,673ob,Halsey Bitcheno,4,company1
570,579hj,Delcine Guisot,2,company1
571,605pw,Staffard Jagiello,2,company1
572,619rq,Christiana Killingbeck,2,company2
573,251zk,Patin Syrad,4,company1
574,262ys,Goran Cearley,4,company1
575,026zj,Stanly Barltrop,2,company1
576,609qy,Deidre Kasperski,2,company1
577,950xj,Rafaela Tretter,1,company2
578,181rq,Sibylla Hill,4,company3
579,638ht,Tobit Brooksbank,4,company1
580,211gd,Diandra Tweedle,1,company3
581,657mm,Kenna Wylie,3,company3
582,728mw,Klarika Cremins,4,company3
583,654wi,Jsandye Marthen,4,company3
584,598sj,Freeland MacAne,1,company3
585,778ev,Karlee Biffen,1,company3
586,321cg,Weylin Lambert-Ciorwyn,4,company1
587,902qq,Hobart Lindback,4,company1
588,905vv,Olia Dumberell,4,company1
589,931js,Cirstoforo Anan,4,company1
590,374bp,Bonnee Davidavidovics,2,company3
591,142ya,Cookie Dast,3,company1
592,758gf,May Tace,4,company2
593,287tg,Keely Burress,4,company2
594,744op,Gwen Ray,1,company3
595,111ii,Kathrine Stenton,1,company2
596,422za,Dallas Vallow,1,company1
597,737pl,Giuditta Rudyard,3,company1
598,959ql,Solly Huws,3,company3
599,116uw,Missie Glassman,1,company2
600,167go,Bald Freddi,2,company3
601,732ne,Marika Gallienne,1,company2
602,549dr,Christiano Giacopello,1,company3
603,683dv,Quinta Gomery,1,company3
604,378ml,Marnia Jordine,2,company2
605,870eh,Vonny Chaplain,1,company1
606,701zd,Karlens Collopy,2,company1
607,464ht,Ray Ellwell,4,company1
608,942qq,Sigismond McAreavey,3,company1
609,212vo,Bell Fleetham,4,company2
610,817qb,Ariana Mallabund,2,company2
611,785xq,Nathanial Bellee,2,company1
612,631au,Rodd Cardo,2,company3
613,821lh,Vinny Minghella,1,company1
614,584ko,Carlee Ludlamme,2,company2
615,996vk,Arleyne Trinder,3,company2
616,746ru,Cobby Audas,2,company2
617,590la,Alfredo Swayton,2,company3
618,040nb,Clim Ubee,2,company2
619,295bc,Ferdinand Britee,3,company2
620,145im,Leonhard Mellor,1,company2
621,895rs,Mercie Beiderbeck,2,company1
622,437mx,Ros Hedge,4,company1
623,206ph,Tobye Wingeatt,2,company2
624,095jj,Way Brownsill,3,company1
625,919mw,Frieda Lattey,2,company2
626,742tm,Agustin Allinson,3,company2
627,232hz,Carla Holmyard,4,company1
628,523qw,Lilyan Pentlow,1,company2
629,674kr,Almeria Salzen,2,company2
630,868rp,Tallulah Phillput,2,company2
631,228cc,Janela Lathe,3,company1
632,656xu,Kali Antunez,1,company1
633,530sp,Rozella Crank,3,company3
634,100uh,Aurore Potebury,2,company1
635,692eu,Calvin Pearson,2,company3
636,039ks,Harmonie Capewell,2,company3
637,679zx,Dian Vedekhin,2,company1
638,107jd,Elmore O' Byrne,4,company1
639,942of,Wain Harnott,2,company1
640,740pe,Lilah McBrearty,1,company2
641,549zn,Maximo Letixier,4,company2
642,042ox,Corbie Farnaby,3,company3
643,650zs,Hank Branwhite,3,company1
644,768qp,Humberto Green,4,company2
645,713pn,Isis Blazic,3,company3
646,270dd,Edward Bridywater,3,company1
647,452wy,Arleen Harmar,3,company2
648,293dz,Emalee O'Tuohy,2,company3
649,385dj,Wally Ickovitz,1,company3
650,831ke,Kenon Comber,3,company3
651,573eo,Regen Binnell,3,company1
652,025ci,Rennie Froment,4,company3
653,766ox,Damian Auckland,4,company1
654,010jk,Benita Wilber,3,company2
655,610va,Gun Gillbee,3,company2
656,473ow,Isaac Gilbart,2,company3
657,781ux,Clary Snipe,3,company1
658,168ji,Darcey Aubury,3,company2
659,461fk,Ardith Stratford,1,company3
660,128wm,Slade Thurbon,2,company3
661,191hd,Bartholomew Da Costa,4,company2
662,329wr,Mariquilla Ardy,4,company2
663,075ao,Cassi Puckinghorne,4,company2
664,344cc,Lennard Beardwell,3,company3
665,961cn,Marigold Birney,2,company2
666,062wy,Dallas McFadzean,2,company3
667,938no,Adiana Bartens,2,company2
668,611ux,Cullie Sommer,4,company2
669,340kf,Seward Scoggins,4,company1
670,891zw,Irv Jopson,2,company3
671,481rl,Oliy Baldetti,2,company3
672,729zi,Matthias Bentjens,2,company3
673,738nr,Fraser Phillott,2,company3
674,512ug,Lek Androli,3,company3
675,152uv,Tucker Eadmead,2,company2
676,121kq,Ethelda Kebbell,4,company1
677,500ft,Ruthy Lucien,3,company1
678,963dt,Hillier Batchellor,1,company1
679,275pa,Blythe Seymer,3,company2
680,514ze,Daveta Gaskal,2,company1
681,887kt,Maurice Cayzer,3,company1
682,595zq,Hendrik Gonzalvo,3,company2
683,370xa,Johnathan Selborne,2,company2
684,276uu,Brodie Longega,3,company3
685,513hh,Howey Antliff,1,company2
686,787qv,Kendra Manvell,2,company2
687,715fg,Harlan Bywaters,1,company2
688,746ns,Jamal Lanigan,4,company1
689,343ha,Maxie Duligal,1,company1
690,100ri,Alanna Kollatsch,2,company1
691,255kv,Heloise Dykes,2,company2
692,460ge,Essy Hadrill,3,company1
693,864yj,Terencio Rosensaft,2,company2
694,340gw,Laetitia Smythe,4,company2
695,821sh,Felicdad Eddins,2,company1
696,720ue,Kathlin Baldocci,3,company1
697,486cc,Sabra Howerd,2,company1
698,313ud,Esme Gregoletti,4,company3
699,871ok,Auroora Quenell,4,company3
700,376cr,Romeo Learoyde,1,company1
701,932py,Donica Leirmonth,4,company1
702,561vy,Rosemaria Jost,4,company3
703,389xf,Nickolaus Hanks,1,company2
704,958tc,Christin Howorth,2,company2
705,258wk,Orrin De Beneditti,3,company3
706,763ty,Glenden Klais,4,company3
707,715wv,Dee Boshers,3,company2
708,180ih,Gerladina Ferraresi,4,company2
709,640yv,Nelle Winsor,2,company3
710,151uh,Vanni Beall,2,company2
711,062jj,Renato Barrack,4,company3
712,643vd,Cosetta Constanza,4,company2
713,518nf,Timmy Haw,2,company2
714,086rk,Gerald Keunemann,3,company2
715,015iy,Rosabelle Robichon,1,company1
716,606tt,Menard Minichi,1,company1
717,277iw,Roxana Danilin,1,company3
718,934qm,Leanor Geratt,2,company2
719,919ey,Eden Burleigh,3,company3
720,987sv,Job Creek,4,company1
721,493gr,Kelley Batkin,4,company3
722,572lm,Marilin Acock,3,company1
723,007kv,Marius Sor,4,company2
724,195fa,Avram Malinson,4,company3
725,473kf,Sibbie Load,3,company1
726,040ra,Rosanne Bann,4,company3
727,455wh,Anne-marie O'Malley,4,company1
728,782vo,Gnni Neillans,3,company1
729,382iy,Christian Sinkinson,2,company2
730,776jf,Jacklin Eisig,2,company3
731,899tg,Nikolia Brewood,4,company3
732,535kv,Dale McSaul,1,company3
733,288pb,Laetitia Schenkel,3,company1
734,721pb,Haze Yannikov,4,company1
735,854wz,Osbert Buckett,3,company3
736,246zk,Tracie Bolger,4,company2
737,787fl,Arni Labram,1,company3
738,256wr,Thomas Wison,4,company3
739,503xw,Westbrooke Panswick,2,company2
740,173in,Fifine Shrieves,4,company1
741,385yl,Hertha Rowler,3,company3
742,504fi,Les Fairbourne,3,company1
743,865cy,Kelsy Gouldstraw,1,company2
744,831bv,Thelma Swansborough,1,company2
745,864tg,Alexi While,3,company2
746,636ab,Koressa Colls,3,company1
747,413pn,Nanny Chesnut,1,company1
748,046kk,Talbert MacGaffey,3,company2
749,261uu,Deni Ricardot,2,company1
750,728jk,Bettina Derrick,2,company3
751,672hv,Tanny Saterthwait,2,company1
752,843jj,Rowland Baraclough,1,company3
753,333vv,Gerrie Vogel,3,company2
754,876lv,Elysha Philbrick,4,company1
755,538rc,Etan Mattingson,4,company2
756,902bp,Claribel Weald,3,company1
757,079hj,Simonne O'Day,3,company2
758,770cy,Jethro Clawson,3,company1
759,006ej,Briant Gulk,4,company2
760,581jh,Adair Grimshaw,1,company2
761,291kq,Adel Oakes,2,company2
762,736do,Vassili Wace,4,company3
763,216dw,Jeff Swanborough,3,company1
764,865qq,Yorke Ubach,4,company2
765,950gl,Otha Winslade,3,company1
766,855ps,Sarina Ugolini,4,company3
767,552jb,Mozes Pardoe,3,company3
768,246dd,Jan Tackes,4,company1
769,269ub,Vickie Scedall,1,company2
770,945ih,Mela Paquet,4,company3
771,443cv,Darrel Tethcote,1,company3
772,462ld,Cathyleen Jopke,2,company2
773,658ci,Ronnie Froment,2,company1
774,019cy,Pavla Rosewall,1,company1
775,033jb,Ruperto Banfill,4,company2
776,239zu,Leeanne Feenan,4,company2
777,866db,Dorey Strank,4,company1
778,048lj,Kacey McGilroy,1,company3
779,454ep,Silva Netting,1,company1
780,522ib,Brody Shingles,4,company2
781,075tw,Talyah Fearey,4,company2
782,817px,Joey Kops,4,company2
783,108lv,Junette Mildner,2,company3
784,079rt,Cary Degg,1,company2
785,292wu,Victoria Staff,3,company3
786,851mn,Horatius Garza,3,company1
787,479tq,Ahmad Abbott,2,company1
788,201wg,Glynn Brimilcombe,4,company3
789,895ii,Brittne Leipelt,3,company2
790,252xg,Alyda Murfill,2,company3
791,727ou,Nobie Peyntue,2,company1
792,471qh,Lesley Desseine,2,company2
793,863hc,Mabel Grzeskowski,2,company3
794,288ui,Hermine Cardno,1,company1
795,078hv,Tadd Strike,4,company1
796,537fr,Raoul Rous,3,company1
797,782pr,Adelind Newman,3,company3
798,130ry,Filmore Andresen,4,company3
799,278cy,Christophorus Gusticke,1,company1
800,493vu,Ahmad Tappor,3,company2
801,916bf,Kyle Larking,3,company1
802,894zl,Prue Tillerton,4,company1
803,990jw,Dermot Ellsom,3,company3
804,232vf,Alberta Bradley,3,company1
805,346yp,Devina Sneesbie,4,company2
806,025oj,Luigi Warner,2,company3
807,277ie,Des Gayne,2,company3
808,934tp,Florencia Woolf,2,company2
809,465ju,Rad Ware,4,company2
810,506ny,Shaina Vankin,2,company2
811,880bk,Ardine Hutchinson,1,company1
812,313ow,Gaye Letham,4,company2
813,811vf,Hannie Scudamore,4,company2
814,310oq,Wilmette Scorey,3,company2
815,646jm,Teresa Ourtic,1,company1
816,064fc,Charmain Orton,3,company2
817,029ta,Moshe Turpin,4,company1
818,400jd,Kirsti Farrens,3,company1
819,289wu,Caren Duffin,4,company3
820,041yl,Zed Debrick,4,company2
821,054tm,Breanne Wardlaw,3,company3
822,947po,Clovis Lidington,4,company1
823,945yj,Rodolfo Cruickshanks,1,company2
824,026ch,Erny Cawdell,3,company1
825,374wf,Belia Sharman,2,company2
826,410pt,Son Ortsmann,2,company2
827,508nb,Karlens Van der Hoven,3,company2
828,359nz,Antoni Kapelhoff,2,company1
829,827ym,Aleta Gould,2,company3
830,716ex,Gunther Bouldstridge,2,company3
831,852fz,Heddie Thickins,4,company3
832,678uz,Kim Kyd,3,company2
833,516xm,Sean Mannakee,1,company1
834,100ke,Seline Savins,3,company3
835,817mq,Konstantin Dunk,1,company3
836,998ek,Ursulina Scottesmoor,3,company3
837,397zx,Micah Lawly,3,company2
838,276zu,Brenna Allman,1,company3
839,517hc,Reagen Chilcotte,2,company2
840,563yq,Nanny MacNockater,3,company1
841,541ko,Rafael Dymocke,4,company3
842,443po,Fraser Fittes,4,company1
843,310fu,Malachi Mackelworth,1,company3
844,740ha,Kaiser Normavill,1,company2
845,265df,Shaylah Bagworth,1,company1
846,893ec,Quinta Viccars,3,company1
847,793xk,Sheena Rist,3,company1
848,307zn,Corrie Sterndale,2,company3
849,037ir,Mathilda Sheehy,3,company3
850,992lv,Valery McGrudder,2,company3
851,136sr,Booth Belford,4,company2
852,633at,Glen Gaskarth,3,company1
853,257st,Ugo Lordon,1,company1
854,483bv,Robinetta Sotworth,4,company1
855,027dy,Hana Iannuzzelli,3,company3
856,062kk,Veradis Wheelan,3,company2
857,605ky,Weidar Newlove,4,company1
858,062xg,Banky Letterick,3,company1
859,337gw,Reggie Layfield,1,company2
860,220lq,Helga Callis,2,company3
861,190yq,Pru Haste,1,company2
862,588eb,Candie Bonas,4,company2
863,807uq,Dario todor,1,company1
864,234hr,Lyndy Pengilly,4,company2
865,840az,Agna Greenin,3,company2
866,134xj,Gail Blackborne,3,company2
867,439wn,Danni O'Lunny,4,company2
868,001pi,Yetty Kinghorn,3,company2
869,945dl,Codie Stallard,1,company1
870,390yy,Patrica Calkin,4,company1
871,863vy,Adolph Fursey,2,company3
872,860cf,Codie Barok,3,company3
873,687vi,Kerianne Simister,3,company1
874,755by,Richardo Tumility,3,company1
875,824mi,Golda Neely,1,company2
876,393tm,Alic Dougliss,1,company2
877,287zk,Andrea Stonehewer,3,company1
878,163oz,Owen Amey,4,company3
879,203gm,Bron Possell,3,company3
880,273nb,Daniella Bransby,2,company1
881,123eb,Blinny Tacey,2,company2
882,028qj,Patrick Flute,4,company3
883,094qa,Fallon Landall,4,company3
884,413cb,Mavra Antoniewicz,2,company1
885,273wa,Inez Gulvin,1,company3
886,893pi,Herve Cuttelar,3,company1
887,711hs,Mozelle Moseby,4,company2
888,039jl,Ginelle Pigrome,2,company1
889,612wf,Cordelia Rittmeyer,1,company1
890,716mt,Bonni Scranney,3,company2
891,352si,Cosmo Vassel,3,company3
892,641tc,Valaria Tossell,4,company2
893,956zp,Erie Bartell,3,company3
894,587sl,Eunice Caslin,1,company2
895,033ld,Forrest Bullivent,3,company1
896,378ap,Ruy Grishankov,2,company2
897,089ek,Christina Krimmer,4,company1
898,232ud,Elinor Lapish,4,company2
899,859tn,Paula Russi,1,company1
900,287qe,Con Brandin,3,company1
901,695jg,Tadeas Schober,3,company2
902,215ob,Sheri Insoll,2,company2
903,727pv,Trev Tunniclisse,4,company2
904,505te,Morgun Vevers,4,company1
905,870il,Arney Freeman,3,company3
906,353yu,Garnette Daout,3,company2
907,459tf,Laney Hansmann,1,company1
908,888pj,Pacorro Wandrich,1,company2
909,954wl,Tally Hurll,2,company3
910,934la,Helyn Faulo,2,company2
911,309wa,Brier Threader,2,company1
912,727ej,Renie Frangleton,2,company2
913,324xs,Scarface Kiddy,3,company2
914,118hc,Blinni Pinock,4,company3
915,143ru,Ashil Woodruff,3,company3
916,725up,Parry Mahmood,3,company1
917,212xu,Helge Giovanitti,1,company2
918,937zj,Christan Tuison,2,company1
919,722qj,Kath Mercer,3,company1
920,560nz,Lissy Mart,2,company3
921,202ul,Nestor Whellans,3,company2
922,063tf,Orelie Lamburn,3,company1
923,937cr,Cordelia Tootal,3,company3
924,667yo,Lotty McJarrow,1,company2
925,633ae,Ivan Grandham,3,company1
926,108an,Sibel Seedman,1,company2
927,677ec,Renae Slaymaker,2,company3
928,418up,Yolande Josefsen,1,company3
929,520qq,Cirstoforo Platts,1,company2
930,616nv,Yorgo Hollow,1,company2
931,001pd,Reuven Rawcliffe,4,company1
932,378iv,Darby Croydon,1,company2
933,278ng,Roseann Lilleman,1,company2
934,882ra,Oralia Griffithe,1,company1
935,246rr,Carlynne O'Toole,1,company3
936,227ov,Jessi Kenyam,2,company1
937,727lu,Zonnya Breagan,2,company2
938,951mg,Georg Leppingwell,1,company1
939,000nz,Eb Jennaway,4,company2
940,174cv,Regina Livick,4,company3
941,872hh,Jorey McNeice,4,company3
942,888rc,Maryrose Seacroft,4,company3
943,261rb,Tudor Fullager,3,company2
944,974vu,Kinna Stroban,1,company1
945,622rv,Townie Spooner,2,company3
946,347ri,Auberon Harbin,2,company1
947,354wo,Aleece Buscombe,4,company1
948,863xr,Theresina Luckcock,3,company2
949,403ai,Aldrich Petrakov,3,company2
950,516td,Maureen Bysaker,3,company3
951,992sz,Nadine Mansell,4,company2
952,680xq,Esra Brayford,1,company1
953,195ab,Stevie Glidder,4,company3
954,071rf,Etta Tuminini,1,company3
955,975wn,Stella Caneo,2,company2
956,284bb,Judon Wendover,3,company2
957,562os,Artemas Birkby,2,company1
958,506sg,Blinnie Skough,1,company3
959,892qc,Kimberlyn Bockman,2,company2
960,046bf,Dionis Kennaway,2,company1
961,480pz,Nelia Du Fray,1,company3
962,299hy,Giselbert Imorts,2,company3
963,463ss,Stephanie Pitkeathley,3,company2
964,200kp,Andris Tandey,2,company3
965,654ot,Livy Timmens,3,company2
966,296zs,Erek Giorgeschi,3,company1
967,381wm,Skell Mecco,3,company1
968,687yc,Jason Drever,2,company2
969,300yf,Robina Swinden,1,company3
970,156ql,Hasty O'Brogan,2,company2
971,782it,Rudie Kaiser,2,company1
972,533xw,Arlette Grebner,3,company3
973,519oo,Scarlett Prover,2,company2
974,047ou,Bess Molyneux,3,company1
975,846zg,Simmonds Halwell,3,company2
976,797gn,Norton Hallgarth,3,company1
977,392wo,Roslyn Lippitt,4,company2
978,176ea,Mandel Dmitrievski,4,company3
979,417pd,Leela Fleetham,2,company1
980,275vb,Pammy Tulloch,1,company2
981,868ap,Merrill Burtwell,4,company1
982,223xv,Zebadiah Newcomen,1,company3
983,463py,Paloma Olivera,1,company3
984,633ps,Gallagher Jacobowicz,3,company1
985,155je,Devy Dodshon,3,company3
986,140wn,Sabrina Kreber,3,company3
987,976bj,Berte Rossiter,4,company3
988,797pt,Josey Dorrian,3,company2
989,808eb,Malena Ivashchenko,2,company3
990,423jy,Kailey Duggary,4,company2
991,606sv,Corry Boor,1,company2
992,194qj,Farlie Bygreaves,2,company3
993,861za,Rosemonde Erskine,1,company1
994,279vg,Obidiah Snodden,2,company2
995,454kf,Erin Lyffe,1,company3
996,016ux,Myra Jennemann,3,company2
997,075xk,Faythe Heater,4,company2
998,438wp,Simmonds Crichmer,3,company3
999,615fh,Henri Culter,2,company3
1000,358it,Annaliese Burle,4,company1
